{
    "loss": 1.1421141624450684,
    "accuracy": 0.8659090995788574
}